<ImportExportXml version="9.0.0001.0733" SolutionPackageVersion="9.0" languagecode="1033" generatedBy="CrmLive" xmlns:xsi="http://www.w3.org/2001/XMLSchema-instance">
  <SolutionManifest>
    <UniqueName>EasyPlugins</UniqueName>
    <LocalizedNames>
      <LocalizedName description="EasyPlugins" languagecode="1033" />
    </LocalizedNames>
    <Descriptions />
    <Version>2.0.0.0</Version>
    <Managed>1</Managed>
    <ConfigurationPage>ake_/EasyPlugins/html/EasyPlugins.Launcher.html</ConfigurationPage>
    <Publisher>
      <UniqueName>AmineKouddane</UniqueName>
      <LocalizedNames>
        <LocalizedName description="AmineKouddane" languagecode="1033" />
      </LocalizedNames>
      <Descriptions />
      <EMailAddress xsi:nil="true"></EMailAddress>
      <SupportingWebsiteUrl xsi:nil="true"></SupportingWebsiteUrl>
      <CustomizationPrefix>ake</CustomizationPrefix>
      <CustomizationOptionValuePrefix>96407</CustomizationOptionValuePrefix>
      <Addresses>
        <Address>
          <AddressNumber>1</AddressNumber>
          <AddressTypeCode>1</AddressTypeCode>
          <City xsi:nil="true"></City>
          <County xsi:nil="true"></County>
          <Country xsi:nil="true"></Country>
          <Fax xsi:nil="true"></Fax>
          <FreightTermsCode xsi:nil="true"></FreightTermsCode>
          <ImportSequenceNumber xsi:nil="true"></ImportSequenceNumber>
          <Latitude xsi:nil="true"></Latitude>
          <Line1 xsi:nil="true"></Line1>
          <Line2 xsi:nil="true"></Line2>
          <Line3 xsi:nil="true"></Line3>
          <Longitude xsi:nil="true"></Longitude>
          <Name xsi:nil="true"></Name>
          <PostalCode xsi:nil="true"></PostalCode>
          <PostOfficeBox xsi:nil="true"></PostOfficeBox>
          <PrimaryContactName xsi:nil="true"></PrimaryContactName>
          <ShippingMethodCode>1</ShippingMethodCode>
          <StateOrProvince xsi:nil="true"></StateOrProvince>
          <Telephone1 xsi:nil="true"></Telephone1>
          <Telephone2 xsi:nil="true"></Telephone2>
          <Telephone3 xsi:nil="true"></Telephone3>
          <TimeZoneRuleVersionNumber xsi:nil="true"></TimeZoneRuleVersionNumber>
          <UPSZone xsi:nil="true"></UPSZone>
          <UTCOffset xsi:nil="true"></UTCOffset>
          <UTCConversionTimeZoneCode xsi:nil="true"></UTCConversionTimeZoneCode>
        </Address>
        <Address>
          <AddressNumber>2</AddressNumber>
          <AddressTypeCode>1</AddressTypeCode>
          <City xsi:nil="true"></City>
          <County xsi:nil="true"></County>
          <Country xsi:nil="true"></Country>
          <Fax xsi:nil="true"></Fax>
          <FreightTermsCode xsi:nil="true"></FreightTermsCode>
          <ImportSequenceNumber xsi:nil="true"></ImportSequenceNumber>
          <Latitude xsi:nil="true"></Latitude>
          <Line1 xsi:nil="true"></Line1>
          <Line2 xsi:nil="true"></Line2>
          <Line3 xsi:nil="true"></Line3>
          <Longitude xsi:nil="true"></Longitude>
          <Name xsi:nil="true"></Name>
          <PostalCode xsi:nil="true"></PostalCode>
          <PostOfficeBox xsi:nil="true"></PostOfficeBox>
          <PrimaryContactName xsi:nil="true"></PrimaryContactName>
          <ShippingMethodCode>1</ShippingMethodCode>
          <StateOrProvince xsi:nil="true"></StateOrProvince>
          <Telephone1 xsi:nil="true"></Telephone1>
          <Telephone2 xsi:nil="true"></Telephone2>
          <Telephone3 xsi:nil="true"></Telephone3>
          <TimeZoneRuleVersionNumber xsi:nil="true"></TimeZoneRuleVersionNumber>
          <UPSZone xsi:nil="true"></UPSZone>
          <UTCOffset xsi:nil="true"></UTCOffset>
          <UTCConversionTimeZoneCode xsi:nil="true"></UTCConversionTimeZoneCode>
        </Address>
      </Addresses>
    </Publisher>
    <RootComponents>
      <RootComponent type="1" schemaName="ake_expressiontester" behavior="0" />
      <RootComponent type="1" schemaName="ake_fieldtrigger" behavior="0" />
      <RootComponent type="1" schemaName="ake_scheduledtrigger" behavior="0" />
      <RootComponent type="29" id="{dd41c6aa-20b1-4607-a642-8d16c3375cfa}" behavior="0" />
      <RootComponent type="60" id="{15aec18b-25a1-48f0-9cf2-edeb704530c7}" behavior="0" />
      <RootComponent type="60" id="{a69dd9a1-38e3-4588-865f-6a1233313fb6}" behavior="0" />
      <RootComponent type="60" id="{bf68aa81-9a6a-48af-a4e1-fd97678fbc7f}" behavior="0" />
      <RootComponent type="61" schemaName="ake_/EasyPlugins/css/bootstrap.min.css" behavior="0" />
      <RootComponent type="61" schemaName="ake_/EasyPlugins/css/datatables.min.css" behavior="0" />
      <RootComponent type="61" schemaName="ake_/EasyPlugins/css/EasyPlugins.css" behavior="0" />
      <RootComponent type="61" schemaName="ake_/EasyPlugins/css/jquery_confirm.min.css" behavior="0" />
      <RootComponent type="61" schemaName="ake_/EasyPlugins/css/jquery_ui.css" behavior="0" />
      <RootComponent type="61" schemaName="ake_/EasyPlugins/html/EasyPlugins.html" behavior="0" />
      <RootComponent type="61" schemaName="ake_/EasyPlugins/html/EasyPlugins.Launcher.html" behavior="0" />
      <RootComponent type="61" schemaName="ake_/EasyPlugins/images/attribute.png" behavior="0" />
      <RootComponent type="61" schemaName="ake_/EasyPlugins/images/book_picture.png" behavior="0" />
      <RootComponent type="61" schemaName="ake_/EasyPlugins/images/bottom.png" behavior="0" />
      <RootComponent type="61" schemaName="ake_/EasyPlugins/images/bug.png" behavior="0" />
      <RootComponent type="61" schemaName="ake_/EasyPlugins/images/calculated.png" behavior="0" />
      <RootComponent type="61" schemaName="ake_/EasyPlugins/images/calendar_add.png" behavior="0" />
      <RootComponent type="61" schemaName="ake_/EasyPlugins/images/calendar_delete.png" behavior="0" />
      <RootComponent type="61" schemaName="ake_/EasyPlugins/images/calendar_disabled.png" behavior="0" />
      <RootComponent type="61" schemaName="ake_/EasyPlugins/images/calendar_edit.png" behavior="0" />
      <RootComponent type="61" schemaName="ake_/EasyPlugins/images/calendar_go.png" behavior="0" />
      <RootComponent type="61" schemaName="ake_/EasyPlugins/images/closenb.png" behavior="0" />
      <RootComponent type="61" schemaName="ake_/EasyPlugins/images/datetimepicker.png" behavior="0" />
      <RootComponent type="61" schemaName="ake_/EasyPlugins/images/down.png" behavior="0" />
      <RootComponent type="61" schemaName="ake_/EasyPlugins/images/entityabort.png" behavior="0" />
      <RootComponent type="61" schemaName="ake_/EasyPlugins/images/entityassociate.png" behavior="0" />
      <RootComponent type="61" schemaName="ake_/EasyPlugins/images/entitycreate.png" behavior="0" />
      <RootComponent type="61" schemaName="ake_/EasyPlugins/images/entitydelete.png" behavior="0" />
      <RootComponent type="61" schemaName="ake_/EasyPlugins/images/entitydisassociate.png" behavior="0" />
      <RootComponent type="61" schemaName="ake_/EasyPlugins/images/entityerror.png" behavior="0" />
      <RootComponent type="61" schemaName="ake_/EasyPlugins/images/entityoverride.png" behavior="0" />
      <RootComponent type="61" schemaName="ake_/EasyPlugins/images/entitysetstate.png" behavior="0" />
      <RootComponent type="61" schemaName="ake_/EasyPlugins/images/entityupdate.png" behavior="0" />
      <RootComponent type="61" schemaName="ake_/EasyPlugins/images/fetchxml.png" behavior="0" />
      <RootComponent type="61" schemaName="ake_/EasyPlugins/images/filter.png" behavior="0" />
      <RootComponent type="61" schemaName="ake_/EasyPlugins/images/filter_delete.png" behavior="0" />
      <RootComponent type="61" schemaName="ake_/EasyPlugins/images/key.png" behavior="0" />
      <RootComponent type="61" schemaName="ake_/EasyPlugins/images/lock.png" behavior="0" />
      <RootComponent type="61" schemaName="ake_/EasyPlugins/images/Logo.png" behavior="0" />
      <RootComponent type="61" schemaName="ake_/EasyPlugins/images/message_error.png" behavior="0" />
      <RootComponent type="61" schemaName="ake_/EasyPlugins/images/message_info.png" behavior="0" />
      <RootComponent type="61" schemaName="ake_/EasyPlugins/images/message_warning.png" behavior="0" />
      <RootComponent type="61" schemaName="ake_/EasyPlugins/images/miniLogo.png" behavior="0" />
      <RootComponent type="61" schemaName="ake_/EasyPlugins/images/no.png" behavior="0" />
      <RootComponent type="61" schemaName="ake_/EasyPlugins/images/options.png" behavior="0" />
      <RootComponent type="61" schemaName="ake_/EasyPlugins/images/plugin.png" behavior="0" />
      <RootComponent type="61" schemaName="ake_/EasyPlugins/images/plugin_add.png" behavior="0" />
      <RootComponent type="61" schemaName="ake_/EasyPlugins/images/plugin_delete.png" behavior="0" />
      <RootComponent type="61" schemaName="ake_/EasyPlugins/images/plugin_disabled.png" behavior="0" />
      <RootComponent type="61" schemaName="ake_/EasyPlugins/images/plugin_edit.png" behavior="0" />
      <RootComponent type="61" schemaName="ake_/EasyPlugins/images/plugin_error.png" behavior="0" />
      <RootComponent type="61" schemaName="ake_/EasyPlugins/images/plugin_export.png" behavior="0" />
      <RootComponent type="61" schemaName="ake_/EasyPlugins/images/plugin_go.png" behavior="0" />
      <RootComponent type="61" schemaName="ake_/EasyPlugins/images/plugin_import.png" behavior="0" />
      <RootComponent type="61" schemaName="ake_/EasyPlugins/images/power.png" behavior="0" />
      <RootComponent type="61" schemaName="ake_/EasyPlugins/images/reload.png" behavior="0" />
      <RootComponent type="61" schemaName="ake_/EasyPlugins/images/steps_disable.png" behavior="0" />
      <RootComponent type="61" schemaName="ake_/EasyPlugins/images/steps_enable.png" behavior="0" />
      <RootComponent type="61" schemaName="ake_/EasyPlugins/images/steps_setting.png" behavior="0" />
      <RootComponent type="61" schemaName="ake_/EasyPlugins/images/time.png" behavior="0" />
      <RootComponent type="61" schemaName="ake_/EasyPlugins/images/timer_err.png" behavior="0" />
      <RootComponent type="61" schemaName="ake_/EasyPlugins/images/timer_ok.png" behavior="0" />
      <RootComponent type="61" schemaName="ake_/EasyPlugins/images/top.png" behavior="0" />
      <RootComponent type="61" schemaName="ake_/EasyPlugins/images/ui_icons_444444_256x240.png" behavior="0" />
      <RootComponent type="61" schemaName="ake_/EasyPlugins/images/ui_icons_555555_256x240.png" behavior="0" />
      <RootComponent type="61" schemaName="ake_/EasyPlugins/images/ui_icons_777620_256x240.png" behavior="0" />
      <RootComponent type="61" schemaName="ake_/EasyPlugins/images/ui_icons_777777_256x240.png" behavior="0" />
      <RootComponent type="61" schemaName="ake_/EasyPlugins/images/ui_icons_cc0000_256x240.png" behavior="0" />
      <RootComponent type="61" schemaName="ake_/EasyPlugins/images/ui_icons_ffffff_256x240.png" behavior="0" />
      <RootComponent type="61" schemaName="ake_/EasyPlugins/images/up.png" behavior="0" />
      <RootComponent type="61" schemaName="ake_/EasyPlugins/images/user.png" behavior="0" />
      <RootComponent type="61" schemaName="ake_/EasyPlugins/images/warning.png" behavior="0" />
      <RootComponent type="61" schemaName="ake_/EasyPlugins/images/yes.png" behavior="0" />
      <RootComponent type="61" schemaName="ake_/EasyPlugins/js/angular.js" behavior="0" />
      <RootComponent type="61" schemaName="ake_/EasyPlugins/js/bootstrap.datepicker.min.js" behavior="0" />
      <RootComponent type="61" schemaName="ake_/EasyPlugins/js/bootstrap.min.js" behavior="0" />
      <RootComponent type="61" schemaName="ake_/EasyPlugins/js/datatables.min.js" behavior="0" />
      <RootComponent type="61" schemaName="ake_/EasyPlugins/js/EasyPlugins.js" behavior="0" />
      <RootComponent type="61" schemaName="ake_/EasyPlugins/js/jquery.confirm.min.js" behavior="0" />
      <RootComponent type="61" schemaName="ake_/EasyPlugins/js/jquery.resize.js" behavior="0" />
      <RootComponent type="61" schemaName="ake_/EasyPlugins/js/jquery.ui_1.12.js" behavior="0" />
      <RootComponent type="61" schemaName="ake_/EasyPlugins/js/jquery_2.2.0.min.js" behavior="0" />
      <RootComponent type="61" schemaName="ake_/EasyPlugins/js/loadingoverlay.js" behavior="0" />
      <RootComponent type="61" schemaName="ake_/EasyPlugins/js/moment.min.js" behavior="0" />
      <RootComponent type="61" schemaName="ake_/EasyPlugins/js/PagesControllers.js" behavior="0" />
      <RootComponent type="61" schemaName="ake_/EasyPlugins/js/SDK.WEBAPI.js" behavior="0" />
      <RootComponent type="61" schemaName="ake_/EasyPlugins/js/utilities.js" behavior="0" />
      <RootComponent type="91" id="{4fc87124-b84b-4295-92a2-e6004a4bdd42}" schemaName="EasyPlugins.Plugins, Version=1.0.0.0, Culture=neutral, PublicKeyToken=6d7bbbb2e6910a25" behavior="0" />
      <RootComponent type="91" id="{b6984b2f-d75b-416c-84fe-f66a4b537748}" schemaName="EasyPlugins.WorkflowActivities, Version=1.0.0.0, Culture=neutral, PublicKeyToken=87e49a66ad23b3f2" behavior="0" />
      <RootComponent type="92" id="{4cc02987-e93b-e811-a9bd-000d3a2bb81e}" behavior="0" />
      <RootComponent type="92" id="{6b67276b-e93b-e811-a9c6-000d3a2bb190}" behavior="0" />
      <RootComponent type="92" id="{97247d50-e93b-e811-a9bf-000d3a2bbda1}" behavior="0" />
      <RootComponent type="92" id="{9b7d5dab-e93b-e811-a9c0-000d3a2bb31e}" behavior="0" />
      <RootComponent type="92" id="{aca52e3c-e93b-e811-a9bf-000d3a2bbda1}" behavior="0" />
      <RootComponent type="92" id="{c4aa4fcf-e93b-e811-a9c6-000d3a2bb91c}" behavior="0" />
      <RootComponent type="92" id="{c80f3de1-e93b-e811-a9c0-000d3a2bb31e}" behavior="0" />
      <RootComponent type="92" id="{eb62c693-e93b-e811-a9bf-000d3a2bbda1}" behavior="0" />
    </RootComponents>
    <MissingDependencies />
  </SolutionManifest>
</ImportExportXml>